{"count":1,"self":982.068224,"total":2777.0091973999997,"children":{"InitializeActuators":{"count":1,"self":0.0010000999999999999,"total":0.0010000999999999999,"children":null},"InitializeSensors":{"count":1,"self":0.0015113,"total":0.0015113,"children":null},"AgentSendState":{"count":2582718,"self":3.2332212,"total":7.3115613999999995,"children":{"CollectObservations":{"count":258272,"self":0.4337471,"total":0.4337471,"children":null},"WriteActionMask":{"count":258272,"self":0.1611862,"total":0.1611862,"children":null},"RequestDecision":{"count":258272,"self":0.83820169999999994,"total":3.4834068,"children":{"AgentInfo.ToProto":{"count":258272,"self":1.0334623,"total":2.6452051,"children":{"GenerateSensorData":{"count":258272,"self":1.6117428,"total":1.6117428,"children":null}}}}}}},"DecideAction":{"count":2582718,"self":1779.8023168,"total":1779.8023014999999,"children":null},"AgentAct":{"count":2582718,"self":7.4269799999999995,"total":7.8235836999999995,"children":{"AgentInfo.ToProto":{"count":38985,"self":0.16425589999999998,"total":0.3966035,"children":{"GenerateSensorData":{"count":38985,"self":0.2323476,"total":0.2323476,"children":null}}}}}},"gauges":{"RollerBall.CumulativeReward":{"count":38985,"max":2,"min":0,"runningAverage":1.08248842,"value":1,"weightedAverage":1.07303429}},"metadata":{"timer_format_version":"0.1.0","start_time_seconds":"1740259936","unity_version":"2023.2.13f1","command_line_arguments":"D:\\Unity\\Hub\\Editor\\2023.2.13f1\\Editor\\Unity.exe -projectpath D:\\FORK - GITLAB\\ML-Unity\\RollerBall -useHub -hubIPC -cloudEnvironment production","communication_protocol_version":"1.5.0","com.unity.ml-agents_version":"3.0.0","scene_name":"RollerBall","end_time_seconds":"1740262713"}}